{"cameraMode":{"drawMode":0,"name":"Shaded","section":"Shading Mode"},"sceneLighting":true,"audioPlay":false,"sceneViewState":{"m_AlwaysRefresh":false,"showFog":true,"showSkybox":true,"showFlares":true,"showImageEffects":true,"showParticleSystems":true,"showVisualEffectGraphs":true,"m_FxEnabled":true},"in2DMode":false,"pivot":{"x":-3.5021743774414064,"y":2.3603293895721437,"z":1.8272418975830079},"rotation":{"x":-0.08154025673866272,"y":0.9068708419799805,"z":-0.20642471313476563,"w":-0.3582250475883484},"size":4.329034805297852,"orthographic":false}