{"cameraMode":{"drawMode":0,"name":"Shaded","section":"Shading Mode"},"sceneLighting":true,"audioPlay":false,"sceneViewState":{"m_AlwaysRefresh":false,"showFog":true,"showSkybox":true,"showFlares":true,"showImageEffects":true,"showParticleSystems":true,"showVisualEffectGraphs":true,"m_FxEnabled":true},"in2DMode":false,"pivot":{"x":-17.063068389892579,"y":3.5176591873168947,"z":-0.26849013566970827},"rotation":{"x":-0.051376067101955417,"y":-0.3765501379966736,"z":0.02091854251921177,"w":-0.9247378706932068},"size":0.009570891037583352,"orthographic":false}